<?xml version="1.0" encoding="UTF-8"?>
<brass>
  <over>0</over>
  <phase>1</phase>
  <players>
    <active>4</active>
    <turn>1</turn>
    <rounds>6</rounds>
    <order>
      <id>4</id>
      <id>1</id>
      <id>3</id>
      <id>2</id>
    </order>
    <player>
      <id>1</id>
      <money>35</money>
      <spent>0</spent>
      <income>56</income>
      <victory>34</victory>
      <hand>
        <card>
          <id>28</id>
        </card>
        <card>
          <id>30</id>
        </card>
        <card>
          <id>42</id>
        </card>
        <card>
          <id>53</id>
        </card>
      </hand>
      <tokens>
        <coal>
          <token>
            <token_id>3</token_id>
            <player_id>1</player_id>
            <cubes>3</cubes>
            <flipped>0</flipped>
          </token>
          <token>
            <token_id>4</token_id>
            <player_id>1</player_id>
            <cubes>4</cubes>
            <flipped>0</flipped>
          </token>
          <token>
            <token_id>5</token_id>
            <player_id>1</player_id>
            <cubes>4</cubes>
            <flipped>0</flipped>
          </token>
          <token>
            <token_id>6</token_id>
            <player_id>1</player_id>
            <cubes>5</cubes>
            <flipped>0</flipped>
          </token>
          <token>
            <token_id>7</token_id>
            <player_id>1</player_id>
            <cubes>5</cubes>
            <flipped>0</flipped>
          </token>
        </coal>
        <cotton_mill>
          <token>
            <token_id>13</token_id>
            <player_id>1</player_id>
            <cubes>0</cubes>
            <flipped>0</flipped>
          </token>
          <token>
            <token_id>14</token_id>
            <player_id>1</player_id>
            <cubes>0</cubes>
            <flipped>0</flipped>
          </token>
          <token>
            <token_id>15</token_id>
            <player_id>1</player_id>
            <cubes>0</cubes>
            <flipped>0</flipped>
          </token>
          <token>
            <token_id>16</token_id>
            <player_id>1</player_id>
            <cubes>0</cubes>
            <flipped>0</flipped>
          </token>
          <token>
            <token_id>17</token_id>
            <player_id>1</player_id>
            <cubes>0</cubes>
            <flipped>0</flipped>
          </token>
          <token>
            <token_id>18</token_id>
            <player_id>1</player_id>
            <cubes>0</cubes>
            <flipped>0</flipped>
          </token>
          <token>
            <token_id>19</token_id>
            <player_id>1</player_id>
            <cubes>0</cubes>
            <flipped>0</flipped>
          </token>
        </cotton_mill>
        <iron>
          <token>
            <token_id>22</token_id>
            <player_id>1</player_id>
            <cubes>5</cubes>
            <flipped>0</flipped>
          </token>
          <token>
            <token_id>23</token_id>
            <player_id>1</player_id>
            <cubes>6</cubes>
            <flipped>0</flipped>
          </token>
        </iron>
        <port>
          <token>
            <token_id>29</token_id>
            <player_id>1</player_id>
            <cubes>0</cubes>
            <flipped>0</flipped>
          </token>
          <token>
            <token_id>30</token_id>
            <player_id>1</player_id>
            <cubes>0</cubes>
            <flipped>0</flipped>
          </token>
          <token>
            <token_id>31</token_id>
            <player_id>1</player_id>
            <cubes>0</cubes>
            <flipped>0</flipped>
          </token>
        </port>
        <shipyard>
          <token>
            <token_id>32</token_id>
            <player_id>1</player_id>
            <cubes>0</cubes>
            <flipped>0</flipped>
          </token>
          <token>
            <token_id>33</token_id>
            <player_id>1</player_id>
            <cubes>0</cubes>
            <flipped>0</flipped>
          </token>
          <token>
            <token_id>34</token_id>
            <player_id>1</player_id>
            <cubes>0</cubes>
            <flipped>0</flipped>
          </token>
          <token>
            <token_id>35</token_id>
            <player_id>1</player_id>
            <cubes>0</cubes>
            <flipped>0</flipped>
          </token>
          <token>
            <token_id>36</token_id>
            <player_id>1</player_id>
            <cubes>0</cubes>
            <flipped>0</flipped>
          </token>
          <token>
            <token_id>37</token_id>
            <player_id>1</player_id>
            <cubes>0</cubes>
            <flipped>0</flipped>
          </token>
        </shipyard>
      </tokens>
    </player>
    <player>
      <id>2</id>
      <money>29</money>
      <spent>0</spent>
      <income>59</income>
      <victory>29</victory>
      <hand>
        <card>
          <id>10</id>
        </card>
        <card>
          <id>60</id>
        </card>
        <card>
          <id>49</id>
        </card>
        <card>
          <id>21</id>
        </card>
      </hand>
      <tokens>
        <coal>
          <token>
            <token_id>6</token_id>
            <player_id>2</player_id>
            <cubes>5</cubes>
            <flipped>0</flipped>
          </token>
          <token>
            <token_id>7</token_id>
            <player_id>2</player_id>
            <cubes>5</cubes>
            <flipped>0</flipped>
          </token>
        </coal>
        <cotton_mill>
          <token>
            <token_id>15</token_id>
            <player_id>2</player_id>
            <cubes>0</cubes>
            <flipped>0</flipped>
          </token>
          <token>
            <token_id>16</token_id>
            <player_id>2</player_id>
            <cubes>0</cubes>
            <flipped>0</flipped>
          </token>
          <token>
            <token_id>17</token_id>
            <player_id>2</player_id>
            <cubes>0</cubes>
            <flipped>0</flipped>
          </token>
          <token>
            <token_id>18</token_id>
            <player_id>2</player_id>
            <cubes>0</cubes>
            <flipped>0</flipped>
          </token>
          <token>
            <token_id>19</token_id>
            <player_id>2</player_id>
            <cubes>0</cubes>
            <flipped>0</flipped>
          </token>
        </cotton_mill>
        <iron>
          <token>
            <token_id>21</token_id>
            <player_id>2</player_id>
            <cubes>4</cubes>
            <flipped>0</flipped>
          </token>
          <token>
            <token_id>22</token_id>
            <player_id>2</player_id>
            <cubes>5</cubes>
            <flipped>0</flipped>
          </token>
          <token>
            <token_id>23</token_id>
            <player_id>2</player_id>
            <cubes>6</cubes>
            <flipped>0</flipped>
          </token>
        </iron>
        <port>
          <token>
            <token_id>27</token_id>
            <player_id>2</player_id>
            <cubes>0</cubes>
            <flipped>0</flipped>
          </token>
          <token>
            <token_id>28</token_id>
            <player_id>2</player_id>
            <cubes>0</cubes>
            <flipped>0</flipped>
          </token>
          <token>
            <token_id>29</token_id>
            <player_id>2</player_id>
            <cubes>0</cubes>
            <flipped>0</flipped>
          </token>
          <token>
            <token_id>30</token_id>
            <player_id>2</player_id>
            <cubes>0</cubes>
            <flipped>0</flipped>
          </token>
          <token>
            <token_id>31</token_id>
            <player_id>2</player_id>
            <cubes>0</cubes>
            <flipped>0</flipped>
          </token>
        </port>
        <shipyard>
          <token>
            <token_id>32</token_id>
            <player_id>2</player_id>
            <cubes>0</cubes>
            <flipped>0</flipped>
          </token>
          <token>
            <token_id>33</token_id>
            <player_id>2</player_id>
            <cubes>0</cubes>
            <flipped>0</flipped>
          </token>
          <token>
            <token_id>34</token_id>
            <player_id>2</player_id>
            <cubes>0</cubes>
            <flipped>0</flipped>
          </token>
          <token>
            <token_id>35</token_id>
            <player_id>2</player_id>
            <cubes>0</cubes>
            <flipped>0</flipped>
          </token>
          <token>
            <token_id>36</token_id>
            <player_id>2</player_id>
            <cubes>0</cubes>
            <flipped>0</flipped>
          </token>
          <token>
            <token_id>37</token_id>
            <player_id>2</player_id>
            <cubes>0</cubes>
            <flipped>0</flipped>
          </token>
        </shipyard>
      </tokens>
    </player>
    <player>
      <id>3</id>
      <money>23</money>
      <spent>0</spent>
      <income>58</income>
      <victory>29</victory>
      <hand>
        <card>
          <id>56</id>
        </card>
        <card>
          <id>16</id>
        </card>
        <card>
          <id>9</id>
        </card>
        <card>
          <id>46</id>
        </card>
      </hand>
      <tokens>
        <coal>
          <token>
            <token_id>2</token_id>
            <player_id>3</player_id>
            <cubes>3</cubes>
            <flipped>0</flipped>
          </token>
          <token>
            <token_id>3</token_id>
            <player_id>3</player_id>
            <cubes>3</cubes>
            <flipped>0</flipped>
          </token>
          <token>
            <token_id>4</token_id>
            <player_id>3</player_id>
            <cubes>4</cubes>
            <flipped>0</flipped>
          </token>
          <token>
            <token_id>5</token_id>
            <player_id>3</player_id>
            <cubes>4</cubes>
            <flipped>0</flipped>
          </token>
          <token>
            <token_id>6</token_id>
            <player_id>3</player_id>
            <cubes>5</cubes>
            <flipped>0</flipped>
          </token>
          <token>
            <token_id>7</token_id>
            <player_id>3</player_id>
            <cubes>5</cubes>
            <flipped>0</flipped>
          </token>
        </coal>
        <cotton_mill>
          <token>
            <token_id>16</token_id>
            <player_id>3</player_id>
            <cubes>0</cubes>
            <flipped>0</flipped>
          </token>
          <token>
            <token_id>17</token_id>
            <player_id>3</player_id>
            <cubes>0</cubes>
            <flipped>0</flipped>
          </token>
          <token>
            <token_id>18</token_id>
            <player_id>3</player_id>
            <cubes>0</cubes>
            <flipped>0</flipped>
          </token>
          <token>
            <token_id>19</token_id>
            <player_id>3</player_id>
            <cubes>0</cubes>
            <flipped>0</flipped>
          </token>
        </cotton_mill>
        <iron>
          <token>
            <token_id>21</token_id>
            <player_id>3</player_id>
            <cubes>4</cubes>
            <flipped>0</flipped>
          </token>
          <token>
            <token_id>22</token_id>
            <player_id>3</player_id>
            <cubes>5</cubes>
            <flipped>0</flipped>
          </token>
          <token>
            <token_id>23</token_id>
            <player_id>3</player_id>
            <cubes>6</cubes>
            <flipped>0</flipped>
          </token>
        </iron>
        <port>
          <token>
            <token_id>28</token_id>
            <player_id>3</player_id>
            <cubes>0</cubes>
            <flipped>0</flipped>
          </token>
          <token>
            <token_id>29</token_id>
            <player_id>3</player_id>
            <cubes>0</cubes>
            <flipped>0</flipped>
          </token>
          <token>
            <token_id>30</token_id>
            <player_id>3</player_id>
            <cubes>0</cubes>
            <flipped>0</flipped>
          </token>
          <token>
            <token_id>31</token_id>
            <player_id>3</player_id>
            <cubes>0</cubes>
            <flipped>0</flipped>
          </token>
        </port>
        <shipyard>
          <token>
            <token_id>32</token_id>
            <player_id>3</player_id>
            <cubes>0</cubes>
            <flipped>0</flipped>
          </token>
          <token>
            <token_id>33</token_id>
            <player_id>3</player_id>
            <cubes>0</cubes>
            <flipped>0</flipped>
          </token>
          <token>
            <token_id>34</token_id>
            <player_id>3</player_id>
            <cubes>0</cubes>
            <flipped>0</flipped>
          </token>
          <token>
            <token_id>35</token_id>
            <player_id>3</player_id>
            <cubes>0</cubes>
            <flipped>0</flipped>
          </token>
          <token>
            <token_id>36</token_id>
            <player_id>3</player_id>
            <cubes>0</cubes>
            <flipped>0</flipped>
          </token>
          <token>
            <token_id>37</token_id>
            <player_id>3</player_id>
            <cubes>0</cubes>
            <flipped>0</flipped>
          </token>
        </shipyard>
      </tokens>
    </player>
    <player>
      <id>4</id>
      <money>23</money>
      <spent>0</spent>
      <income>39</income>
      <victory>36</victory>
      <hand>
        <card>
          <id>24</id>
        </card>
        <card>
          <id>65</id>
        </card>
        <card>
          <id>51</id>
        </card>
        <card>
          <id>33</id>
        </card>
      </hand>
      <tokens>
        <coal>
          <token>
            <token_id>7</token_id>
            <player_id>4</player_id>
            <cubes>5</cubes>
            <flipped>0</flipped>
          </token>
        </coal>
        <cotton_mill>
          <token>
            <token_id>9</token_id>
            <player_id>4</player_id>
            <cubes>0</cubes>
            <flipped>0</flipped>
          </token>
          <token>
            <token_id>10</token_id>
            <player_id>4</player_id>
            <cubes>0</cubes>
            <flipped>0</flipped>
          </token>
          <token>
            <token_id>11</token_id>
            <player_id>4</player_id>
            <cubes>0</cubes>
            <flipped>0</flipped>
          </token>
          <token>
            <token_id>12</token_id>
            <player_id>4</player_id>
            <cubes>0</cubes>
            <flipped>0</flipped>
          </token>
          <token>
            <token_id>13</token_id>
            <player_id>4</player_id>
            <cubes>0</cubes>
            <flipped>0</flipped>
          </token>
          <token>
            <token_id>14</token_id>
            <player_id>4</player_id>
            <cubes>0</cubes>
            <flipped>0</flipped>
          </token>
          <token>
            <token_id>15</token_id>
            <player_id>4</player_id>
            <cubes>0</cubes>
            <flipped>0</flipped>
          </token>
          <token>
            <token_id>16</token_id>
            <player_id>4</player_id>
            <cubes>0</cubes>
            <flipped>0</flipped>
          </token>
          <token>
            <token_id>17</token_id>
            <player_id>4</player_id>
            <cubes>0</cubes>
            <flipped>0</flipped>
          </token>
          <token>
            <token_id>18</token_id>
            <player_id>4</player_id>
            <cubes>0</cubes>
            <flipped>0</flipped>
          </token>
          <token>
            <token_id>19</token_id>
            <player_id>4</player_id>
            <cubes>0</cubes>
            <flipped>0</flipped>
          </token>
        </cotton_mill>
        <iron />
        <port>
          <token>
            <token_id>27</token_id>
            <player_id>4</player_id>
            <cubes>0</cubes>
            <flipped>0</flipped>
          </token>
          <token>
            <token_id>28</token_id>
            <player_id>4</player_id>
            <cubes>0</cubes>
            <flipped>0</flipped>
          </token>
          <token>
            <token_id>29</token_id>
            <player_id>4</player_id>
            <cubes>0</cubes>
            <flipped>0</flipped>
          </token>
          <token>
            <token_id>30</token_id>
            <player_id>4</player_id>
            <cubes>0</cubes>
            <flipped>0</flipped>
          </token>
          <token>
            <token_id>31</token_id>
            <player_id>4</player_id>
            <cubes>0</cubes>
            <flipped>0</flipped>
          </token>
        </port>
        <shipyard>
          <token>
            <token_id>36</token_id>
            <player_id>4</player_id>
            <cubes>0</cubes>
            <flipped>0</flipped>
          </token>
          <token>
            <token_id>37</token_id>
            <player_id>4</player_id>
            <cubes>0</cubes>
            <flipped>0</flipped>
          </token>
        </shipyard>
      </tokens>
    </player>
  </players>
  <board>
    <cotton_demand>
      <cotton_demand_flipped>2</cotton_demand_flipped>
      <cotton_demand_tiles>
        <cotton_demand_tile>11</cotton_demand_tile>
        <cotton_demand_tile>7</cotton_demand_tile>
        <cotton_demand_tile>1</cotton_demand_tile>
        <cotton_demand_tile>10</cotton_demand_tile>
        <cotton_demand_tile>8</cotton_demand_tile>
        <cotton_demand_tile>9</cotton_demand_tile>
        <cotton_demand_tile>3</cotton_demand_tile>
        <cotton_demand_tile>6</cotton_demand_tile>
        <cotton_demand_tile>5</cotton_demand_tile>
        <cotton_demand_tile>12</cotton_demand_tile>
        <cotton_demand_tile>4</cotton_demand_tile>
        <cotton_demand_tile>2</cotton_demand_tile>
      </cotton_demand_tiles>
    </cotton_demand>
    <coal_demand_track>0</coal_demand_track>
    <iron_demand_track>2</iron_demand_track>
    <cities>
      <city>
        <city_id>1</city_id>
        <industry />
        <industry />
      </city>
      <city>
        <city_id>2</city_id>
        <industry />
      </city>
      <city>
        <city_id>3</city_id>
        <industry>
          <token>
            <token_id>11</token_id>
            <player_id>1</player_id>
            <cubes>0</cubes>
            <flipped>1</flipped>
          </token>
        </industry>
        <industry>
          <token>
            <token_id>11</token_id>
            <player_id>2</player_id>
            <cubes>0</cubes>
            <flipped>1</flipped>
          </token>
        </industry>
        <industry>
          <token>
            <token_id>23</token_id>
            <player_id>4</player_id>
            <cubes>0</cubes>
            <flipped>1</flipped>
          </token>
        </industry>
      </city>
      <city>
        <city_id>4</city_id>
        <industry>
          <token>
            <token_id>13</token_id>
            <player_id>3</player_id>
            <cubes>0</cubes>
            <flipped>1</flipped>
          </token>
        </industry>
        <industry>
          <token>
            <token_id>6</token_id>
            <player_id>4</player_id>
            <cubes>1</cubes>
            <flipped>0</flipped>
          </token>
        </industry>
        <industry>
          <token>
            <token_id>21</token_id>
            <player_id>4</player_id>
            <cubes>0</cubes>
            <flipped>1</flipped>
          </token>
        </industry>
      </city>
      <city>
        <city_id>5</city_id>
        <industry>
          <token>
            <token_id>3</token_id>
            <player_id>4</player_id>
            <cubes>0</cubes>
            <flipped>1</flipped>
          </token>
        </industry>
        <industry>
          <token>
            <token_id>3</token_id>
            <player_id>2</player_id>
            <cubes>0</cubes>
            <flipped>1</flipped>
          </token>
        </industry>
      </city>
      <city>
        <city_id>6</city_id>
        <industry>
          <token>
            <token_id>4</token_id>
            <player_id>2</player_id>
            <cubes>0</cubes>
            <flipped>1</flipped>
          </token>
        </industry>
        <industry>
          <token>
            <token_id>13</token_id>
            <player_id>2</player_id>
            <cubes>0</cubes>
            <flipped>1</flipped>
          </token>
        </industry>
      </city>
      <city>
        <city_id>7</city_id>
        <industry />
        <industry />
      </city>
      <city>
        <city_id>8</city_id>
        <industry>
          <token>
            <token_id>27</token_id>
            <player_id>3</player_id>
            <cubes>0</cubes>
            <flipped>1</flipped>
          </token>
        </industry>
      </city>
      <city>
        <city_id>9</city_id>
        <industry>
          <token>
            <token_id>26</token_id>
            <player_id>1</player_id>
            <cubes>0</cubes>
            <flipped>1</flipped>
          </token>
        </industry>
      </city>
      <city>
        <city_id>10</city_id>
        <industry>
          <token>
            <token_id>26</token_id>
            <player_id>3</player_id>
            <cubes>0</cubes>
            <flipped>1</flipped>
          </token>
        </industry>
        <industry>
          <token>
            <token_id>11</token_id>
            <player_id>3</player_id>
            <cubes>0</cubes>
            <flipped>1</flipped>
          </token>
        </industry>
      </city>
      <city>
        <city_id>11</city_id>
        <industry>
          <token>
            <token_id>26</token_id>
            <player_id>4</player_id>
            <cubes>0</cubes>
            <flipped>1</flipped>
          </token>
        </industry>
        <industry>
          <token>
            <token_id>28</token_id>
            <player_id>1</player_id>
            <cubes>0</cubes>
            <flipped>1</flipped>
          </token>
        </industry>
        <industry />
        <industry />
      </city>
      <city>
        <city_id>12</city_id>
        <industry />
        <industry />
      </city>
      <city>
        <city_id>13</city_id>
        <industry>
          <token>
            <token_id>5</token_id>
            <player_id>4</player_id>
            <cubes>0</cubes>
            <flipped>1</flipped>
          </token>
        </industry>
        <industry>
          <token>
            <token_id>2</token_id>
            <player_id>4</player_id>
            <cubes>0</cubes>
            <flipped>1</flipped>
          </token>
        </industry>
        <industry>
          <token>
            <token_id>14</token_id>
            <player_id>3</player_id>
            <cubes>0</cubes>
            <flipped>1</flipped>
          </token>
        </industry>
        <industry />
      </city>
      <city>
        <city_id>14</city_id>
        <industry>
          <token>
            <token_id>12</token_id>
            <player_id>2</player_id>
            <cubes>0</cubes>
            <flipped>1</flipped>
          </token>
        </industry>
        <industry>
          <token>
            <token_id>5</token_id>
            <player_id>2</player_id>
            <cubes>0</cubes>
            <flipped>1</flipped>
          </token>
        </industry>
      </city>
      <city>
        <city_id>15</city_id>
        <industry>
          <token>
            <token_id>27</token_id>
            <player_id>1</player_id>
            <cubes>0</cubes>
            <flipped>1</flipped>
          </token>
        </industry>
        <industry>
          <token>
            <token_id>12</token_id>
            <player_id>3</player_id>
            <cubes>0</cubes>
            <flipped>1</flipped>
          </token>
        </industry>
        <industry>
          <token>
            <token_id>21</token_id>
            <player_id>1</player_id>
            <cubes>0</cubes>
            <flipped>1</flipped>
          </token>
        </industry>
      </city>
      <city>
        <city_id>16</city_id>
        <industry>
          <token>
            <token_id>12</token_id>
            <player_id>1</player_id>
            <cubes>0</cubes>
            <flipped>1</flipped>
          </token>
        </industry>
        <industry>
          <token>
            <token_id>14</token_id>
            <player_id>2</player_id>
            <cubes>0</cubes>
            <flipped>0</flipped>
          </token>
        </industry>
        <industry>
          <token>
            <token_id>22</token_id>
            <player_id>4</player_id>
            <cubes>0</cubes>
            <flipped>1</flipped>
          </token>
        </industry>
      </city>
      <city>
        <city_id>17</city_id>
        <industry>
          <token>
            <token_id>15</token_id>
            <player_id>3</player_id>
            <cubes>0</cubes>
            <flipped>1</flipped>
          </token>
        </industry>
        <industry />
      </city>
      <city>
        <city_id>18</city_id>
        <industry>
          <token>
            <token_id>4</token_id>
            <player_id>4</player_id>
            <cubes>0</cubes>
            <flipped>1</flipped>
          </token>
        </industry>
        <industry>
          <token>
            <token_id>26</token_id>
            <player_id>2</player_id>
            <cubes>0</cubes>
            <flipped>1</flipped>
          </token>
        </industry>
      </city>
      <city>
        <city_id>19</city_id>
        <industry>
          <token>
            <token_id>2</token_id>
            <player_id>2</player_id>
            <cubes>0</cubes>
            <flipped>1</flipped>
          </token>
        </industry>
        <industry>
          <token>
            <token_id>2</token_id>
            <player_id>1</player_id>
            <cubes>0</cubes>
            <flipped>1</flipped>
          </token>
        </industry>
      </city>
    </cities>
    <links>
      <link>
        <link_id>1</link_id>
        <player_id>2</player_id>
      </link>
      <link>
        <link_id>2</link_id>
        <player_id>1</player_id>
      </link>
      <link>
        <link_id>3</link_id>
        <player_id>0</player_id>
      </link>
      <link>
        <link_id>4</link_id>
        <player_id>0</player_id>
      </link>
      <link>
        <link_id>5</link_id>
        <player_id>4</player_id>
      </link>
      <link>
        <link_id>6</link_id>
        <player_id>2</player_id>
      </link>
      <link>
        <link_id>7</link_id>
        <player_id>3</player_id>
      </link>
      <link>
        <link_id>8</link_id>
        <player_id>0</player_id>
      </link>
      <link>
        <link_id>9</link_id>
        <player_id>1</player_id>
      </link>
      <link>
        <link_id>10</link_id>
        <player_id>2</player_id>
      </link>
      <link>
        <link_id>11</link_id>
        <player_id>4</player_id>
      </link>
      <link>
        <link_id>12</link_id>
        <player_id>4</player_id>
      </link>
      <link>
        <link_id>13</link_id>
        <player_id>1</player_id>
      </link>
      <link>
        <link_id>14</link_id>
        <player_id>4</player_id>
      </link>
      <link>
        <link_id>15</link_id>
        <player_id>2</player_id>
      </link>
      <link>
        <link_id>16</link_id>
        <player_id>0</player_id>
      </link>
      <link>
        <link_id>17</link_id>
        <player_id>0</player_id>
      </link>
      <link>
        <link_id>18</link_id>
        <player_id>0</player_id>
      </link>
      <link>
        <link_id>19</link_id>
        <player_id>2</player_id>
      </link>
      <link>
        <link_id>20</link_id>
        <player_id>0</player_id>
      </link>
      <link>
        <link_id>21</link_id>
        <player_id>0</player_id>
      </link>
      <link>
        <link_id>22</link_id>
        <player_id>0</player_id>
      </link>
      <link>
        <link_id>23</link_id>
        <player_id>0</player_id>
      </link>
      <link>
        <link_id>24</link_id>
        <player_id>0</player_id>
      </link>
      <link>
        <link_id>25</link_id>
        <player_id>2</player_id>
      </link>
      <link>
        <link_id>26</link_id>
        <player_id>0</player_id>
      </link>
      <link>
        <link_id>27</link_id>
        <player_id>2</player_id>
      </link>
      <link>
        <link_id>28</link_id>
        <player_id>4</player_id>
      </link>
      <link>
        <link_id>29</link_id>
        <player_id>0</player_id>
      </link>
      <link>
        <link_id>30</link_id>
        <player_id>4</player_id>
      </link>
      <link>
        <link_id>31</link_id>
        <player_id>3</player_id>
      </link>
      <link>
        <link_id>32</link_id>
        <player_id>0</player_id>
      </link>
      <link>
        <link_id>33</link_id>
        <player_id>0</player_id>
      </link>
      <link>
        <link_id>34</link_id>
        <player_id>0</player_id>
      </link>
      <link>
        <link_id>35</link_id>
        <player_id>0</player_id>
      </link>
    </links>
  </board>
  <deck />
</brass>
